Nombre,Domicilio,Localidad,Departamento,Provincia,Otro Domicilio,Piso,CP,Teléfono,Mail,Web,Información adicional,Latitud,Longitud,Actividad Específica,Denominación Específica,Fuente,Sector,Categoría,Cantidad de exposiciones en el último año,Área (m²),Referente,Cantidad de artistas que expusieron en el último año
"Oliva Drys espacio de arte","Prat 675","Azul","Azul (Buenos Aires)","Buenos Aires","","","7300","2281632213","olivadrysarte@gmail.com","https://www.facebook.com/silvio.drys","","-36.77840000000000000000","-59.85624000000000000000","","","Fondo Desarrollar 2020","Artes Visuales","Galeria de arte","0","0","",""
"Isidoro, Espacio De Arte","Av. Casey 1052","Coronel Suarez","Coronel Suarez (Buenos Aires)","Buenos Aires","","","7540","","isidoroarte@gmail.com.ar","https://www.facebook.com/IsidoroArte","","-37.45977580000000000000","-61.93132350000000000000","","","Arte On line","Artes Visuales","Galeria de arte","0","0","",""
"Silencio (dispositivo sonoro poético)","Brandsen 3532","Mar del Plata","General Pueyrredon (Buenos Aires)","Buenos Aires","","","7600","","silenciodispositivosonoro@gmail.com","https://www.facebook.com/Silencio-183821545504151/","","-37.98399030000000000000","-57.54800750000000000000","","","Fondo Desarrollar 2021","Artes Visuales","Galeria de arte","0","0","",""
"Casa Intermitente","Génova 2036","Mar del Plata","General Pueyrredon (Buenos Aires)","Buenos Aires","","","7600","","casaintermitente@gmail.com","https://www.facebook.com/casaintermitente/","","-38.06465120000000000000","-57.55208990000000000000","","","Fondo Desarrollar 2021","Artes Visuales","Galeria de arte","0","0","",""
"Centro De Edición Taller Galería","Azcuénaga 4178","General San Martin","General San Martin (Buenos Aires)","Buenos Aires","","","1672","1151627192","centrodeedicion@gmail.com","https://www.facebook.com/CentroEdicion","","-34.59339850000000000000","-58.52592530000000000000","","","ArsOmnibús - relevamiento","Artes Visuales","Galeria de arte","0","0","",""
"Vincent Galería","Calle 473 y 17","La Plata","La Plata (Buenos Aires)","Buenos Aires","","","1896","","","https://www.instagram.com/vincent_galeria","","-34.87644000000000000000","-58.04842000000000000000","","","Fondo Desarrollar 2020","Artes Visuales","Galeria de arte","0","0","",""
"NN Galería","Calle 49  719","La Plata","La Plata (Buenos Aires)","Buenos Aires","","","1900","221155449761","nngaleria@gmail.com","https://www.facebook.com/GaleriaNN/","","-34.91650650000000000000","-57.95297790000000000000","","","Relevamiento SInCA","Artes Visuales","Galeria de arte","0","0","",""
"Cósmiko Galeria Club","Calle 71 749","La Plata","La Plata (Buenos Aires)","Buenos Aires","","","1904","2214523284","activacionmonaster@gmail.com","https://www.facebook.com/cosmikogaleriaclub","","-34.93282000000000000000","-57.93213000000000000000","","","Fondo Desarrollar 2020","Artes Visuales","Galeria de arte","0","0","",""
"Perro Verde Espacio De Arte","Libertad 82","Manuel J. Cobo","Lezama (Buenos Aires)","Buenos Aires","","","7116","224115569467","arteperroverde@gmail.com","Facebook: Perro Verde. Espacio de arte","","-35.87637920000000000000","-57.89948350000000000000","","","AAGA - Buenos Aires Data","Artes Visuales","Galeria de arte","0","0","",""
"Cariló Arte Contemporáneo","Avellano 264","Pinamar","Pinamar (Buenos Aires)","Buenos Aires","","","7167","2254570373","info@cariloarte.com.ar","www.cariloarte.com.ar","","-37.16750900000000000000","-56.90256000000000000000","","","AAGA","Artes Visuales","Galeria de arte","0","0","",""
"Mchg-María Casado Home Gallery","Juan Bautista de Lasalle 2156","San Isidro","San Isidro (Buenos Aires)","Buenos Aires","","","1643","111545416796","info@mariacasado.com.ar","https://www.facebook.com/mariacasadoHG","","-34.45521630000000000000","-58.52161620000000000000","","","Relevamiento SInCA 2016","Artes Visuales","Galeria de arte","0","0","",""
"Jacques Martínez","Roque Saenz Peña 267","San Isidro","San Isidro (Buenos Aires)","Buenos Aires","","4°","1642","1135892701","info@galeriajacquesmartinez.com","https://www.galeriajacquesmartinez.com/es","","-34.47274250000000000000","-58.50937340000000000000","","","Arte On line","Artes Visuales","Galeria de arte","0","0","",""
"BR Art Gallery-Bohnenkamp y Revale","Sebastián Elcano 406","San Isidro","San Isidro (Buenos Aires)","Buenos Aires","","","1640","11 47436184","brartgallery@gmail.com","www.brartgallery.com.ar","","-34.47021140000000000000","-58.49821880000000000000","","","Relevamiento SInCA","Artes Visuales","Galeria de arte","0","0","",""
"Galería Isidro Miranda","Estados Unidos 726","San Isidro","San Isidro (Buenos Aires)","Buenos Aires","","","1642","1143614034","","","","-34.54029780000000000000","-58.50785790000000000000","","","Buenos Aires Data","Artes Visuales","Galeria de arte","0","0","",""
"Espacio  De Arte  Zona","Ibañez 1378","San Isidro","San Isidro (Buenos Aires)","Buenos Aires","","","1642","1131374699","espaciodeartezona@gmail.com","https://www.instagram.com/espaciodeartezona/","","-34.45901590000000000000","-58.52450950000000000000","","","MAPA- Feria de Arte","Artes Visuales","Galeria de arte","0","0","",""
"Isla de Arte","Av. de los Lagos 3115","Tigre","Tigre (Buenos Aires)","Buenos Aires","","","1648","1153273863","contacto@isladearte.com","","","-34.42262890000000000000","-58.65879540000000000000","","","MAPA- Feria de Arte","Artes Visuales","Galeria de arte","0","0","",""
"Milo Espacio De Arte","Boulevard de Todos Los Santos 100","Tigre","Tigre (Buenos Aires)","Buenos Aires","","Loc.27 1º","1623","1150034229","ventas@milolockett.com.ar","https://www.tiendamilolockett.com.ar/","","-34.39104240000000000000","-58.71450020000000000000","","","AAGA - Buenos Aires Data","Artes Visuales","Galeria de arte","0","0","",""
"Casa Florida","Gral. José María Paz 1530","Vicente Lopez","Vicente Lopez (Buenos Aires)","Buenos Aires","","","1602","1147918220","casafloridacafe@gmail.com","https://www.facebook.com/lacasa.florida","","-34.52725220000000000000","-58.49144110000000000000","","","ArsOmnibús - relevamiento","Artes Visuales","Galeria de arte","0","0","",""
"Abate Galería","Pasaje Bollini 2170","Ciudad Autonoma de Buenos Aires","CABA (Ciudad Autónoma de Buenos Aires)","Ciudad Autónoma de Buenos Aires","","","1425","","","https://www.facebook.com/AbateGaleria/","","-34.58716500000000000000","-58.40402640000000000000","","","Buenos Aires Data","Artes Visuales","Galeria de arte","0","0","",""
"Acéfala Galería","Niceto Vega 4754","Ciudad Autonoma de Buenos Aires","CABA (Ciudad Autónoma de Buenos Aires)","Ciudad Autónoma de Buenos Aires","","","1414","","contacto@acefalagaleria.com","http://acefalagaleria.com/","","-34.59264300000000000000","-58.43100970000000000000","","","Relevamiento SInCA","Artes Visuales","Galeria de arte","0","0","",""
"Adriana Budich","Gurruchaga 1145","Ciudad Autonoma de Buenos Aires","CABA (Ciudad Autónoma de Buenos Aires)","Ciudad Autónoma de Buenos Aires","","","1414","1148249800","galeria@adrianabudich.com","http://www.adrianabudich.com/","","-34.59252240000000000000","-58.43436120000000000000","","","Buenos Aires Data - SInCA","Artes Visuales","Galeria de arte","0","0","",""
"Ag Espacio De Arte","Av. Alvear 1580","Ciudad Autonoma de Buenos Aires","CABA (Ciudad Autónoma de Buenos Aires)","Ciudad Autónoma de Buenos Aires","","P.B.","1014","1148152271","info@espacioag.com","http://ag-espaciodearte.blogspot.com/","","-34.58997070000000000000","-58.38563400000000000000","","","Arte On line","Artes Visuales","Galeria de arte","0","0","",""
"Aldo De Sousa Galería De Arte","Arroyo 858","Ciudad Autonoma de Buenos Aires","CABA (Ciudad Autónoma de Buenos Aires)","Ciudad Autónoma de Buenos Aires","","","1007","1143930803","arroyo@aldodesousa.com.ar","https://aldodesousa.com/","","-34.59180500000000000000","-58.37929900000000000000","","","AAGA - Buenos Aires data","Artes Visuales","Galeria de arte","0","0","",""
"Alejandro Faggioni, Estudio De Arte","Sargento Cabral 881","Ciudad Autonoma de Buenos Aires","CABA (Ciudad Autónoma de Buenos Aires)","Ciudad Autónoma de Buenos Aires","","5°","1059","1143939995","alejandrofaggioni@sinectis.com.ar","http://www.alejandrofaggioni.com/","","-34.59467850000000000000","-58.37965820000000000000","","","Arte On line - Buenos Aires Data","Artes Visuales","Galeria de arte","0","0","",""
"Arcimboldo, Galería De Arte","Reconquista 761","Ciudad Autonoma de Buenos Aires","CABA (Ciudad Autónoma de Buenos Aires)","Ciudad Autónoma de Buenos Aires","","P.B.","1003","","pelusaborthwick@gmail.com","https://www.facebook.com/pages/Galeria-Arcimboldo","","-34.59900290000000000000","-58.37273860000000000000","","","Arte On line - Buenos Aires Data","Artes Visuales","Galeria de arte","0","0","",""
"Áreatec","Av. de Mayo 1190","Ciudad Autonoma de Buenos Aires","CABA (Ciudad Autónoma de Buenos Aires)","Ciudad Autónoma de Buenos Aires","","1°","1085","1146546579","rrss@areatec.com.ar","http://www.areatec.com.ar/","","-34.60915550000000000000","-58.38302770000000000000","","","Arte On line - Buenos Aires Data","Artes Visuales","Galeria de arte","0","0","",""
"Arroyo","Arroyo 830","Ciudad Autonoma de Buenos Aires","CABA (Ciudad Autónoma de Buenos Aires)","Ciudad Autónoma de Buenos Aires","","","1007","1143253485","info@galarroyo.com","www.galarroyo.com","","-34.59218000000000000000","-58.37909600000000000000","","","AAGA","Artes Visuales","Galeria de arte","0","0","",""
"Atocha – Club De Grabado Y Obra Gráfica Contemporánea","Batalla del Pari 613","Ciudad Autonoma de Buenos Aires","CABA (Ciudad Autónoma de Buenos Aires)","Ciudad Autónoma de Buenos Aires","","","1416","1147709384","info@atochagaleria.com.ar","https://www.facebook.com/AtochaGaleria","","-34.60014950000000000000","-58.45383800000000000000","","","Mercado de Arte - relevamiento SInCa","Artes Visuales","Galeria de arte","0","0","",""
"BARRO Arte Contemporáneo","Caboto 531","Ciudad Autonoma de Buenos Aires","CABA (Ciudad Autónoma de Buenos Aires)","Ciudad Autónoma de Buenos Aires","","","1157","1149783759","galeria@barro.cc","http://www.barro.cc","","-34.62874960000000000000","-58.35970480000000000000","","","Buenos Aires Data - Relevamiento SINCA","Artes Visuales","Galeria de arte","0","0","",""
"Beta  Sur","Caboto 725","Ciudad Autonoma de Buenos Aires","CABA (Ciudad Autónoma de Buenos Aires)","Ciudad Autónoma de Buenos Aires","","","1157","1150139330","betaorg.sur@gmail.com","https://www.instagram.com/beta.sur/","","-34.63024730000000000000","-58.35714490000000000000","","","Buenos Aires Data","Artes Visuales","Galeria de arte","0","0","",""
"Bolmani Modern Art","Honduras 5550","Ciudad Autonoma de Buenos Aires","CABA (Ciudad Autónoma de Buenos Aires)","Ciudad Autónoma de Buenos Aires","","","1414","","info@bolmanimodernart.com","https://www.facebook.com/BolmaniMA/","","-34.58455060000000000000","-58.43589340000000000000","","","Buenos Aires Data","Artes Visuales","Galeria de arte","0","0","",""
"Buenos Aires Fine Art","Cuba 1930","Ciudad Autonoma de Buenos Aires","CABA (Ciudad Autónoma de Buenos Aires)","Ciudad Autónoma de Buenos Aires","","","1428","","info@buenosairesfinearts.com","https://www.buenosairesfinearts.com/","","-34.56234540000000000000","-58.45354570000000000000","","","Fondo Desarrollar 2021","Artes Visuales","Galeria de arte","0","0","",""
"Calvaresi","Defensa 1136","Ciudad Autonoma de Buenos Aires","CABA (Ciudad Autónoma de Buenos Aires)","Ciudad Autónoma de Buenos Aires","","","1065","","info@calvaresicontemporaneo.com","Facebook: Calvaresi","","-34.62114370000000000000","-58.37134850000000000000","","","Buenos Aires Data","Artes Visuales","Galeria de arte","0","0","",""
"Camargo 1020 Espacio de Arte","Camargo 1020","Ciudad Autonoma de Buenos Aires","CABA (Ciudad Autónoma de Buenos Aires)","Ciudad Autónoma de Buenos Aires","","","1414","","camargo1020espaciodearte@gmail.com","https://www.facebook.com/Camargo1020EspacioDeArte","","-34.59601460000000000000","-58.44496000000000000000","","","Fondo Desarrollar 2021","Artes Visuales","Galeria de arte","0","0","",""
"Camarones Arte Contemporáneo","Camarones 1645","Ciudad Autonoma de Buenos Aires","CABA (Ciudad Autónoma de Buenos Aires)","Ciudad Autónoma de Buenos Aires","","","1416","1145855738","info@camaronesarte.com","https://www.facebook.com/camaronesarte/","","-34.60464000000000000000","-58.46484000000000000000","","","Buenos Aires Data - Relevamiento SINCA","Artes Visuales","Galeria de arte","0","0","",""
"Casa Barneau","Pedro de Mendoza 1673","Ciudad Autonoma de Buenos Aires","CABA (Ciudad Autónoma de Buenos Aires)","Ciudad Autónoma de Buenos Aires","","","1169","","jbarneau2@gmail.com","https://www.instagram.com/casabarneau/","","-34.63874000000000000000","-58.35805000000000000000","","","Fondo Desarrollar 2020","Artes Visuales","Galeria de arte","0","0","",""
"Cefuri Espacio de Arte","Patagones 2740","Ciudad Autonoma de Buenos Aires","CABA (Ciudad Autónoma de Buenos Aires)","Ciudad Autónoma de Buenos Aires","","","1437","","info@cefiroarte.com.ar","https://www.facebook.com/cefiroarte","","-34.63745260000000000000","-58.40067600000000000000","","","Buenos Aires Data","Artes Visuales","Galeria de arte","0","0","",""
"Centoira Galería De Arte","French 2611","Ciudad Autonoma de Buenos Aires","CABA (Ciudad Autónoma de Buenos Aires)","Ciudad Autónoma de Buenos Aires","","","1425","1148055603","centoira@artecentoira.com.ar","https://www.facebook.com/ArteCentoira","","-34.58967890000000000000","-58.40096000000000000000","","","AAGA - Buenos Aires Data","Artes Visuales","Galeria de arte","0","0","",""
"Centro Newbery, Galería De Arte","Jorge Newbery 3599","Ciudad Autonoma de Buenos Aires","CABA (Ciudad Autónoma de Buenos Aires)","Ciudad Autónoma de Buenos Aires","","","1427","1145535723","centralnewbery@gmail.com","http://www.centralnewbery.com.ar/","","-34.58358300000000000000","-58.44929300000000000000","","","Buenos Aires Data - Relevamiento SINCA 2022","Artes Visuales","Galeria de arte","0","0","",""
"Colección Alvear Zurbarán","Av. Alvear 1658","Ciudad Autonoma de Buenos Aires","CABA (Ciudad Autónoma de Buenos Aires)","Ciudad Autónoma de Buenos Aires","","","1014","","jzenteno@zurbaran.com.ar","http://www.zurbaran.com.ar/","","-34.58947070000000000000","-58.38639230000000000000","","","Arte On line - Buenos Aires Data","Artes Visuales","Galeria de arte","0","0","",""
"Colectivo Periferia","Wenceslao Villafañe 101","Ciudad Autonoma de Buenos Aires","CABA (Ciudad Autónoma de Buenos Aires)","Ciudad Autónoma de Buenos Aires","","","1160","11 1559512419","colectivoperiferia.org@gmail.com","https://www.facebook.com/colectivoperiferia/","","-34.63044270000000000000","-58.35715170000000000000","","","Buenos Aires Data - Relevamiento SINCA","Artes Visuales","Galeria de arte","0","0","",""
"Constitución Galería","Del Valle Iberlucea 1140","Ciudad Autonoma de Buenos Aires","CABA (Ciudad Autónoma de Buenos Aires)","Ciudad Autónoma de Buenos Aires","","","1160","1138656162","espacioconstitucion@gmail.com","https://www.facebook.com/constituciongaleria/","","-34.63823140000000000000","-58.36254870000000000000","","","Buenos Aires Data","Artes Visuales","Galeria de arte","0","0","",""
"Cosmocosa","Montevideo 1430","Ciudad Autonoma de Buenos Aires","CABA (Ciudad Autónoma de Buenos Aires)","Ciudad Autónoma de Buenos Aires","","P.B.","1021","1148116808","info@cosmocosa.com","https://www.facebook.com/cosmocosa","","-34.59302380000000000000","-58.38975670000000000000","","","Buenos Aires Data","Artes Visuales","Galeria de arte","0","0","",""
"Cre-Arte Argentina","Carlos Pellegrinio 877","Ciudad Autonoma de Buenos Aires","CABA (Ciudad Autónoma de Buenos Aires)","Ciudad Autónoma de Buenos Aires","","","1009","","crearteargentina.rlp@gmail.com","https://www.facebook.com/Cre-Arte-Argentina","","-34.59824810000000000000","-58.38125540000000000000","","","Buenos Aires Data","Artes Visuales","Galeria de arte","0","0","",""
"Dain, Usina Cultural","Nicaragua 4899","Ciudad Autonoma de Buenos Aires","CABA (Ciudad Autónoma de Buenos Aires)","Ciudad Autónoma de Buenos Aires","","","1414","1147783554","pedidosdain@gmail.com","https://www.facebook.com/dain.usinacultural/","","-34.58597880000000000000","-58.42799930000000000000","","","Buenos Aires Data","Artes Visuales","Galeria de arte","0","0","",""
"De Santi Galería De Arte","Esmeralda 982","Ciudad Autonoma de Buenos Aires","CABA (Ciudad Autónoma de Buenos Aires)","Ciudad Autónoma de Buenos Aires","","","1007","1143142049","galeria@desanti.com.ar","","","-34.59667590000000000000","-58.37853100000000000000","","","Buenos Aires Data","Artes Visuales","Galeria de arte","0","0","",""
"Del Infinito Arte","Av. Quintana 325","Ciudad Autonoma de Buenos Aires","CABA (Ciudad Autónoma de Buenos Aires)","Ciudad Autónoma de Buenos Aires","","P.B.","1014","1148138828","galeria@delinfinito.com","http://www.delinfinito.com/","","-34.58975150000000000000","-58.38820950000000000000","","","Arte On line","Artes Visuales","Galeria de arte","0","0","",""
"Del Riachuelo Espacio de Arte","Av. Pedro de Mendoza 1887","Ciudad Autonoma de Buenos Aires","CABA (Ciudad Autónoma de Buenos Aires)","Ciudad Autónoma de Buenos Aires","","","1169","1143027053","","Facebook: Del Riachuelo. Espacio de Arte.","","-34.63929530000000000000","-58.36158460000000000000","","","Buenos Aires Data","Artes Visuales","Galeria de arte","0","0","",""
"El Mirador","Brasil 301","Ciudad Autonoma de Buenos Aires","CABA (Ciudad Autónoma de Buenos Aires)","Ciudad Autónoma de Buenos Aires","","","1154","","info@elmiradorespacio.com","http://www.elmiradorespacio.com/","","-34.62526860000000000000","-58.36973390000000000000","","","Buenos Aires Data","Artes Visuales","Galeria de arte","0","0","",""
"El Socorro","Suipacha 1331","Ciudad Autonoma de Buenos Aires","CABA (Ciudad Autónoma de Buenos Aires)","Ciudad Autónoma de Buenos Aires","","","1011","1143270717","","","","-34.59244400000000000000","-58.37998600000000000000","","","AAGA - Buenos Aires Data","Artes Visuales","Galeria de arte","0","0","",""
"El Sótano Art Gallery","Soler 4802","Ciudad Autonoma de Buenos Aires","CABA (Ciudad Autónoma de Buenos Aires)","Ciudad Autónoma de Buenos Aires","","","1425","","elsotanoartspace@gmail.com","https://www.instagram.com/sotano.arte/","","-34.58595210000000000000","-58.42626320000000000000","","","Buenos Aires Data","Artes Visuales","Galeria de arte","0","0","",""
"Elsi Del Río","Dorrego 1940","Ciudad Autonoma de Buenos Aires","CABA (Ciudad Autónoma de Buenos Aires)","Ciudad Autónoma de Buenos Aires","","","1414","1148990171","info@elsidelrio.com.ar","http://www.elsidelrio.com.ar/","","-34.57936630000000000000","-58.44152480000000000000","","","Buenos Aires Data - Relevamiento SInCA 2022","Artes Visuales","Galeria de arte","0","0","",""
"Ernesto Catena Fotografía Contemporánea","Honduras 4882","Ciudad Autonoma de Buenos Aires","CABA (Ciudad Autónoma de Buenos Aires)","Ciudad Autónoma de Buenos Aires","","1°","1414","1148339499","info@ecfotografiacontemporanea.com","https://www.ecfotografiacontemporanea.com/","","-34.58960750000000000000","-58.42915130000000000000","","","Buenos Aires Data","Artes Visuales","Galeria de arte","0","0","",""
"Espacio 10 Art Gallery","Guatemala 4757","Ciudad Autonoma de Buenos Aires","CABA (Ciudad Autónoma de Buenos Aires)","Ciudad Autónoma de Buenos Aires","","","1425","1148310520","info@espacio10arte.com.ar","WWW.ESPACIO10.COM.AR","","-34.58582870000000000000","-58.42500180000000000000","","","Buenos Aires Data","Artes Visuales","Galeria de arte","0","0","",""
"Espacio Biazzi Zanni","Defensa 763","Ciudad Autonoma de Buenos Aires","CABA (Ciudad Autónoma de Buenos Aires)","Ciudad Autónoma de Buenos Aires","","","1065","1143616809","info@biazzi.com.ar","https://www.facebook.com/espacio.biazzi","","-34.61685030000000000000","-58.37179320000000000000","","","Relevamiento SInCA 2016","Artes Visuales","Galeria de arte","0","0","",""
"Espacio Cabutia","Arenales 1239","Ciudad Autonoma de Buenos Aires","CABA (Ciudad Autónoma de Buenos Aires)","Ciudad Autónoma de Buenos Aires","","PB H","1061","","contacto@espaciocabutia.com","https://www.facebook.com/espaciocabutia/","","-34.59444330000000000000","-58.38494510000000000000","","","Buenos Aires Data","Artes Visuales","Galeria de arte","0","0","",""
"Espacio Colegiales","Gral. Enrique Martínez 916","Ciudad Autonoma de Buenos Aires","CABA (Ciudad Autónoma de Buenos Aires)","Ciudad Autónoma de Buenos Aires","","","1426","1152175826","arte@espaciocolegiales.com.ar","http://www.espaciocolegiales.com.ar/","","-34.57698550000000000000","-58.45421780000000000000","","","Arte On line","Artes Visuales","Galeria de arte","0","0","",""
"Espacio De Arte Banco Ciudad","Esmeralda 660","Ciudad Autonoma de Buenos Aires","CABA (Ciudad Autónoma de Buenos Aires)","Ciudad Autónoma de Buenos Aires","","","1007","1143298532","","www.bancociudad.com.ar","","-34.60049100000000000000","-58.37842450000000000000","","","AAGA - Buenos Aires Data","Artes Visuales","Galeria de arte","0","0","",""
"Espacio Ftalo","Gorriti 3864","Ciudad Autonoma de Buenos Aires","CABA (Ciudad Autónoma de Buenos Aires)","Ciudad Autónoma de Buenos Aires","","","1172","","espacioftalo@hotmail.com","https://www.facebook.com/espacioftalo/","","-34.59549210000000000000","-58.41927220000000000000","","","Buenos Aires Data","Artes Visuales","Galeria de arte","0","0","",""
"Espacio Los Vikings","Viamonte 1145","Ciudad Autonoma de Buenos Aires","CABA (Ciudad Autónoma de Buenos Aires)","Ciudad Autónoma de Buenos Aires","","","1053","","alegrelinares@gmail.com","https://gallery.com.ar/espacio-los-vikings","","-34.60031590000000000000","-58.38315140000000000000","","","Buenos Aires Data","Artes Visuales","Galeria de arte","0","0","",""
"F/O Objetos Y Teorías","Magallanes 802","Ciudad Autonoma de Buenos Aires","CABA (Ciudad Autónoma de Buenos Aires)","Ciudad Autónoma de Buenos Aires","","","1166","111558942210","fo.objetosyteorias@gmail.com","https://www.facebook.com/FOobjetosyteorias/","","-34.63948960000000000000","-58.36182320000000000000","","","Buenos Aires Data","Artes Visuales","Galeria de arte","0","0","",""
"Fino 630","Enrique Finochietto 630","Ciudad Autonoma de Buenos Aires","CABA (Ciudad Autónoma de Buenos Aires)","Ciudad Autónoma de Buenos Aires","","","1143","","espaciofinochietto@gmail.com","https://www.facebook.com/fino630.lacasaverde/","","-34.62843090000000000000","-58.37389030000000000000","","","Buenos Aires Data","Artes Visuales","Galeria de arte","0","0","",""
"Francisco Traba Galería de Arte","Marcelo Torcuato de Alvear 819","Ciudad Autonoma de Buenos Aires","CABA (Ciudad Autónoma de Buenos Aires)","Ciudad Autónoma de Buenos Aires","","","1058","1143118769","galeriaftraba@gmail.com","Facebook: Francisco Traba Galeria de Arte","","-34.59605910000000000000","-58.37874680000000000000","","","Relevamiento SInCA","Artes Visuales","Galeria de arte","0","0","",""
"Fundación Federico Jorge Klemm","Marcelo Torcuato de Alvear 626","Ciudad Autonoma de Buenos Aires","CABA (Ciudad Autónoma de Buenos Aires)","Ciudad Autónoma de Buenos Aires","","","1058","1143123334","info@fundacionfjklemm.org","Facebook: Fundación Federico Jorge Klemm - Oficial","","-34.59636780000000000000","-58.37606990000000000000","","","Buenos Aires Data","Artes Visuales","Galeria de arte","0","0","",""
"Fundación IDA","Jorge Newbery 3044","Ciudad Autonoma de Buenos Aires","CABA (Ciudad Autónoma de Buenos Aires)","Ciudad Autónoma de Buenos Aires","","","1426","","info@fundacionida.org","https://www.facebook.com/idafundacion/","","-34.58862630000000000000","-58.45075560000000000000","","","Fondo Desarrollar 2020","Artes Visuales","Galeria de arte","0","0","",""
"Fundación PROA","Av. Pedro de Mendoza 1929","Ciudad Autonoma de Buenos Aires","CABA (Ciudad Autónoma de Buenos Aires)","Ciudad Autónoma de Buenos Aires","","","1169","1141041000","info@proa.org","https://www.facebook.com/FundacionProa/","","-34.63962810000000000000","-58.36172840000000000000","","","Buenos Aires Data","Artes Visuales","Galeria de arte","0","0","",""
"Gachi Prieto Gallery, Contemporary Latin American Art","Uriarte 1373","Ciudad Autonoma de Buenos Aires","CABA (Ciudad Autónoma de Buenos Aires)","Ciudad Autónoma de Buenos Aires","","","1414","1147746656","info@gachiprieto.com","https://www.facebook.com/gachiprieto/","","-34.58887740000000000000","-58.43434570000000000000","","","Arte On line - Buenos Aires Data","Artes Visuales","Galeria de arte","0","0","",""
"Galería 713 Arte Contemporáneo","Defensa 713","Ciudad Autonoma de Buenos Aires","CABA (Ciudad Autónoma de Buenos Aires)","Ciudad Autónoma de Buenos Aires","","","1098","","info@arte713.com","","","-34.61624570000000000000","-58.37174940000000000000","","","Buenos Aires Data","Artes Visuales","Galeria de arte","0","0","",""
"Galería Arte x Arte","Lavalleja 1062","Ciudad Autonoma de Buenos Aires","CABA (Ciudad Autónoma de Buenos Aires)","Ciudad Autónoma de Buenos Aires","","","1414","","info@artexarte.com.ar","https://www.facebook.com/artexarteespacio/","","-34.59700660000000000000","-58.42843360000000000000","","","Buenos Aires Data","Artes Visuales","Galeria de arte","0","0","",""
"Galería Azur","Arenales 867","Ciudad Autonoma de Buenos Aires","CABA (Ciudad Autónoma de Buenos Aires)","Ciudad Autónoma de Buenos Aires","","","1007","","mensajes@galeriaazur.com","https://www.facebook.com/azurgaleria/","","-34.59381730000000000000","-58.37953070000000000000","","","Buenos Aires Data","Artes Visuales","Galeria de arte","0","0","",""
"Galería Braque","Salta 695","Ciudad Autonoma de Buenos Aires","CABA (Ciudad Autónoma de Buenos Aires)","Ciudad Autónoma de Buenos Aires","","","1074","","info@artebraque.com.ar","http://www.artebraque.com.ar/","","-34.61621980000000000000","-58.38323790000000000000","","","Buenos Aires Data","Artes Visuales","Galeria de arte","0","0","",""
"Galería Buenos Aires Sur","Bolívar 1268","Ciudad Autonoma de Buenos Aires","CABA (Ciudad Autónoma de Buenos Aires)","Ciudad Autónoma de Buenos Aires","","","1141","","","https://www.facebook.com/galeriabuenosairessur/","","-34.62278880000000000000","-58.37271500000000000000","","","Buenos Aires Data","Artes Visuales","Galeria de arte","0","0","",""
"Galería Cecilia Caballero","Suipacha 1151","Ciudad Autonoma de Buenos Aires","CABA (Ciudad Autónoma de Buenos Aires)","Ciudad Autónoma de Buenos Aires","","","1008","1143930660","galeriaceciliacaballero@gmail.com","https://www.facebook.com/galeriaceciliacaballero","","-34.59443900000000000000","-58.37986990000000000000","","","Relevamiento SInCA 2022","Artes Visuales","Galeria de arte","0","0","",""
"Galería Dabbah Torrejón","El Salvador 5176","Ciudad Autonoma de Buenos Aires","CABA (Ciudad Autónoma de Buenos Aires)","Ciudad Autónoma de Buenos Aires","","","1414","","info@dabbahtorrejon.com.ar","https://www.facebook.com/Dabbah-Torrej","","-34.58636960000000000000","-58.43166030000000000000","","","Buenos Aires Data","Artes Visuales","Galeria de arte","0","0","",""
"Galería de Arte Alejandra Perotti","Zabala 3093","Ciudad Autonoma de Buenos Aires","CABA (Ciudad Autónoma de Buenos Aires)","Ciudad Autónoma de Buenos Aires","","","1427","1145530923","arteperotti@gmail.com","Facebook: Espacio Alejandra Perotti","","-34.57408170000000000000","-58.45416490000000000000","","","AAGA","Artes Visuales","Galeria de arte","0","0","",""
"Galería de Arte Karina Paradiso","Av. del Libertador 4700","Ciudad Autonoma de Buenos Aires","CABA (Ciudad Autónoma de Buenos Aires)","Ciudad Autónoma de Buenos Aires","","","1426","","","","","-34.56578100000000000000","-58.43329070000000000000","","","Buenos Aires Data","Artes Visuales","Galeria de arte","0","0","",""
"Galería De Arte Leonardo Da Vinci","Libertad 1222","Ciudad Autonoma de Buenos Aires","CABA (Ciudad Autónoma de Buenos Aires)","Ciudad Autónoma de Buenos Aires","","","1012","1148168641","","","","-34.59412260000000000000","-58.38447600000000000000","","","Buenos Aires Data","Artes Visuales","Galeria de arte","0","0","",""
"Galería De Arte Mercedes Giachetti","Defensa 718","Ciudad Autonoma de Buenos Aires","CABA (Ciudad Autónoma de Buenos Aires)","Ciudad Autónoma de Buenos Aires","","","1065","1143616307","galeriamgiachetti@gmail.com","https://www.facebook.com/galeriadeartemercedesgiachetti","","-34.61625480000000000000","-58.37163960000000000000","","","Buenos Aires Data - Relevamiento SINCA 2022","Artes Visuales","Galeria de arte","0","0","",""
"Galería del Viejo Hotel","Balcarce 1053","Ciudad Autonoma de Buenos Aires","CABA (Ciudad Autónoma de Buenos Aires)","Ciudad Autónoma de Buenos Aires","","","1064","","","https://www.instagram.com/galeriadelviejohotel/","","-34.62000460000000000000","-58.37009020000000000000","","","Buenos Aires Data","Artes Visuales","Galeria de arte","0","0","",""
"Galería Federico Towpyha","Tucumán 3148","Ciudad Autonoma de Buenos Aires","CABA (Ciudad Autónoma de Buenos Aires)","Ciudad Autónoma de Buenos Aires","","","1189","1148635893","federicotopia@yahoo.com.ar","https://www.facebook.com/federicotowpyha.artecontemporaneo/","","-34.60075560000000000000","-58.41000790000000000000","","","Arte On line","Artes Visuales","Galeria de arte","0","0","",""
"Galería Gráfica Gestual","Arce 730","Ciudad Autonoma de Buenos Aires","CABA (Ciudad Autónoma de Buenos Aires)","Ciudad Autónoma de Buenos Aires","","","1426","1147790230","galeriagraficagestual@gmail.com","http://galeriagraficagestual.blogspot.com.ar/","","-34.56873660000000000000","-58.43482150000000000000","","","Arte On line - Buenos Aires Data","Artes Visuales","Galeria de arte","0","0","",""
"Galería Hache","Loyola 32","Ciudad Autonoma de Buenos Aires","CABA (Ciudad Autónoma de Buenos Aires)","Ciudad Autónoma de Buenos Aires","","","1414","1148568787","info@hachegaleria.com","https://www.facebook.com/hachegaleria","","-34.60045000000000000000","-58.43146000000000000000","","","Buenos Aires Data  - Fondo Desarrollar 2021","Artes Visuales","Galeria de arte","0","0","",""
"Galería Huellas","Sargento Cabral 881","Ciudad Autonoma de Buenos Aires","CABA (Ciudad Autónoma de Buenos Aires)","Ciudad Autónoma de Buenos Aires","","P.B.","1059","1143287410","info@huellasdearte.com.ar","Facebook: Galería Huellas","","-34.59467850000000000000","-58.37965820000000000000","","","Arte On line - Buenos Aires Data","Artes Visuales","Galeria de arte","0","0","",""
"Galería Isabel Anchorena","Libertad 1389","Ciudad Autonoma de Buenos Aires","CABA (Ciudad Autónoma de Buenos Aires)","Ciudad Autónoma de Buenos Aires","","","1016","1148115335","buenosaires@galeriaisabelanchorena.com","https://www.facebook.com/galeriaisabelanchorena/","","-34.59172910000000000000","-58.38430770000000000000","","","Buenos Aires Data - Relevamiento SINCA 2022","Artes Visuales","Galeria de arte","0","0","",""
"Galería Lagard","Suipacha 1216","Ciudad Autonoma de Buenos Aires","CABA (Ciudad Autónoma de Buenos Aires)","Ciudad Autónoma de Buenos Aires","","","1011","","galerialagard@gmail.com","https://www.galerialagard.com/","","-34.59378680000000000000","-58.38010090000000000000","","","Buenos Aires Data","Artes Visuales","Galeria de arte","0","0","",""
"Galería Magna Arte Argentino","Libertad 1033","Ciudad Autonoma de Buenos Aires","CABA (Ciudad Autónoma de Buenos Aires)","Ciudad Autónoma de Buenos Aires","","","1011","1148152792","info@galeriamagna.com","www.galeriamagna.com","","-34.59648650000000000000","-58.38421350000000000000","","","AAGA - Buenos Aires Data","Artes Visuales","Galeria de arte","0","0","",""
"Galería Mar Dulce","Uriarte 1490","Ciudad Autonoma de Buenos Aires","CABA (Ciudad Autónoma de Buenos Aires)","Ciudad Autónoma de Buenos Aires","","","1414","111553193597","galeriamardulce@gmail.com","http://galeriamardulce.blogspot.com.ar/","","-34.58821700000000000000","-58.43331400000000000000","","","Relevamiento SInCA 2016","Artes Visuales","Galeria de arte","0","0","",""
"Galería Matilde Bensignor","Benjamín Matienzo 2460","Ciudad Autonoma de Buenos Aires","CABA (Ciudad Autónoma de Buenos Aires)","Ciudad Autónoma de Buenos Aires","","P.B.","1426","1147752331","galeriamatildebensignor@gmail.com","www.matildebensignor.com","","-34.57330810000000000000","-58.44026810000000000000","","","AAGA - Buenos Aires Data","Artes Visuales","Galeria de arte","0","0","",""
"Galería Mediterránea","Pacheco 2380","Ciudad Autonoma de Buenos Aires","CABA (Ciudad Autónoma de Buenos Aires)","Ciudad Autónoma de Buenos Aires","","","1431","1145226527","galeriamediterranea@gmail.com","http://www.galeriamediterranea.com.ar/","","-34.57336210000000000000","-58.48401430000000000000","","","Buenos Aires Data","Artes Visuales","Galeria de arte","0","0","",""
"Galería de Arte Marier","Av. Cabildo 1057","Ciudad Autonoma de Buenos Aires","CABA (Ciudad Autónoma de Buenos Aires)","Ciudad Autónoma de Buenos Aires","","","1426","","galeriamarier@gmail.com","https://www.facebook.com/galeriamarier","","-34.56864220000000000000","-58.44673910000000000000","","","Relevamiento SInCA","Artes Visuales","Galeria de arte","0","0","",""
"Galería Nora Fisch","Av. Córdoba 5222","Ciudad Autonoma de Buenos Aires","CABA (Ciudad Autónoma de Buenos Aires)","Ciudad Autónoma de Buenos Aires","","","1414","111562352030","contact@norafisch.com","https://www.facebook.com/GaleriaNoraFisch","","-34.58996740000000000000","-58.43657820000000000000","","","Buenos Aires Data - Relevamiento SInCA2022","Artes Visuales","Galeria de arte","0","0","",""
"Galería Palatina","Arroyo 821","Ciudad Autonoma de Buenos Aires","CABA (Ciudad Autónoma de Buenos Aires)","Ciudad Autónoma de Buenos Aires","","","1007","1143270620","palatina@fibertel.com.ar","https://www.instagram.com/galeriapalatina","","-34.59208790000000000000","-58.37883600000000000000","","","Buenos Aires Data - Relevamiento SInCA 2022","Artes Visuales","Galeria de arte","0","0","",""
"Galería Rubbers Internacional","Av. Alvear 1640","Ciudad Autonoma de Buenos Aires","CABA (Ciudad Autónoma de Buenos Aires)","Ciudad Autónoma de Buenos Aires","","","1014","1148161869","info@rubbers.com.ar","http://www.rubbers.com.ar/","","-34.58941920000000000000","-58.38635790000000000000","","","Buenos Aires Data - Relevamiento SInCA 2022","Artes Visuales","Galeria de arte","0","0","",""
"Galería Unión","Costa Rica 5929","Ciudad Autonoma de Buenos Aires","CABA (Ciudad Autónoma de Buenos Aires)","Ciudad Autónoma de Buenos Aires","","","1414","","Info@galeriaunion.com","https://www.instagram.com/galeriaunion/","","-34.58000920000000000000","-58.43798490000000000000","","","Buenos Aires Data","Artes Visuales","Galeria de arte","0","0","",""
"Galería Vasari","Esmeralda 1357","Ciudad Autonoma de Buenos Aires","CABA (Ciudad Autónoma de Buenos Aires)","Ciudad Autónoma de Buenos Aires","","","1007","1143270664","vasari@galeriavasari.com.ar","http://www.galeriavasari.com.ar/","","-34.59208810000000000000","-58.37824920000000000000","","","Arte On line - Buenos Aires Data","Artes Visuales","Galeria de arte","0","0","",""
"Galería Vermeer","Suipacha 1168","Ciudad Autonoma de Buenos Aires","CABA (Ciudad Autónoma de Buenos Aires)","Ciudad Autónoma de Buenos Aires","","","1008","1143935102","galeriavermeer@gmail.com","https://www.facebook.com/galeriavermeer","","-34.59459890000000000000","-58.37998500000000000000","","","AAGA","Artes Visuales","Galeria de arte","0","0","",""
"Galería Wussmann Menegazzo","Venezuela 570","Ciudad Autonoma de Buenos Aires","CABA (Ciudad Autónoma de Buenos Aires)","Ciudad Autónoma de Buenos Aires","","","1095","111556389783","cesarmenegazzocane@mac.com","https://www.facebook.com/Cesar.Menegazzo.ex.WUSSMANN","","-34.61381790000000000000","-58.37422950000000000000","","","Buenos Aires Data","Artes Visuales","Galeria de arte","0","0","",""
"Granada Gallery","Godoy Cruz 1644","Ciudad Autonoma de Buenos Aires","CABA (Ciudad Autónoma de Buenos Aires)","Ciudad Autónoma de Buenos Aires","","","1414","","granadagallery@gmail.com","https://www.facebook.com/granadagallery2015/","","-34.58773540000000000000","-58.43442570000000000000","","","Buenos Aires Data","Artes Visuales","Galeria de arte","0","0","",""
"Guevara Gallery","Defensa 982","Ciudad Autonoma de Buenos Aires","CABA (Ciudad Autónoma de Buenos Aires)","Ciudad Autónoma de Buenos Aires","","","1065","1143627718","info@luxurydesignstore.com","http://www.guevaragallery.com/","","-34.61939930000000000000","-58.37131130000000000000","","","Buenos Aires Data","Artes Visuales","Galeria de arte","0","0","",""
"H. Y H. Boggiano","Arenales 867","Ciudad Autonoma de Buenos Aires","CABA (Ciudad Autónoma de Buenos Aires)","Ciudad Autónoma de Buenos Aires","","","1061","1143930109","","","","-34.59390200000000000000","-58.37934200000000000000","","","Buenos Aires Data","Artes Visuales","Galeria de arte","0","0","",""
"Henrique Faría Ba, Galería De Arte","Libertad 1630","Ciudad Autonoma de Buenos Aires","CABA (Ciudad Autónoma de Buenos Aires)","Ciudad Autónoma de Buenos Aires","","","1016","1148133251","info@henriquefaria-ba.com","","","-34.58899420000000000000","-58.38351090000000000000","","","Arte On line - Buenos Aires Data","Artes Visuales","Galeria de arte","0","0","",""
"Hilda Solano Arte Y Diseño Latinoamericano","Av. Alvear 1777","Ciudad Autonoma de Buenos Aires","CABA (Ciudad Autónoma de Buenos Aires)","Ciudad Autónoma de Buenos Aires","","","1014","1148122402","","","","-34.58854790000000000000","-58.38779940000000000000","","","AAGA - Buenos Aires Data","Artes Visuales","Galeria de arte","0","0","",""
"Hilo Galería","Scalabrini Ortiz 1396","Ciudad Autonoma de Buenos Aires","CABA (Ciudad Autónoma de Buenos Aires)","Ciudad Autónoma de Buenos Aires","","","1414","111568260005","hilogaleria@gmail.com","www.hilogaleria.com","","-34.59217100000000000000","-58.42722100000000000000","","","Buenos Aires Data - Relevamiento SINCA 2022","Artes Visuales","Galeria de arte","0","0","",""
"Hoy En El Arte","Juncal 848","Ciudad Autonoma de Buenos Aires","CABA (Ciudad Autónoma de Buenos Aires)","Ciudad Autónoma de Buenos Aires","","","1062","1143222208","","https://www.facebook.com/hoyenelarte","","-34.59285470000000000000","-58.37932470000000000000","","","AAGA - Buenos Aires Data","Artes Visuales","Galeria de arte","0","0","",""
"IMAGINARIO","Defensa 1179","Ciudad Autonoma de Buenos Aires","CABA (Ciudad Autónoma de Buenos Aires)","Ciudad Autónoma de Buenos Aires","","Local 6","1098","1167886730","galeria.imaginarioarte@gmail.com","https://www.facebook.com/galeriadearte.imaginario/","","-34.62146520000000000000","-58.37148280000000000000","","","MAPA- Feria de Arte","Artes Visuales","Galeria de arte","0","0","",""
"Isla Flotante","Viamonte 776","Ciudad Autonoma de Buenos Aires","CABA (Ciudad Autónoma de Buenos Aires)","Ciudad Autónoma de Buenos Aires","","","1053","1150161760","info@islaflotante.com","https://gallery.com.ar/galeria-isla-flotante/","","-34.59992000000000000000","-58.37782000000000000000","","","Buenos Aires Data - Relevamiento SINCA","Artes Visuales","Galeria de arte","0","0","",""
"Jorge Mara - La Ruche","Paraná 1133","Ciudad Autonoma de Buenos Aires","CABA (Ciudad Autónoma de Buenos Aires)","Ciudad Autónoma de Buenos Aires","","","1018","1148130552","info@jorgemaralaruche.com.ar","https://www.jorgemaralaruche.com.ar/","","-34.59537750000000000000","-58.38847720000000000000","","","Arte On line - Buenos Aires Data - Relevamiento SINCA 2022","Artes Visuales","Galeria de arte","0","0","",""
"LA ARGENTINA/Galería de Arte Ricardo López","Arenales 966","Ciudad Autonoma de Buenos Aires","CABA (Ciudad Autónoma de Buenos Aires)","Ciudad Autónoma de Buenos Aires","","","1061","1158387838","ricardolopezgaleria@yahoo.com.ar","https://www.facebook.com/GaleriaRicardoLopez/","","-34.59416540000000000000","-58.38087080000000000000","","","MAPA- Feria de Arte - Buenos Aires Data","Artes Visuales","Galeria de arte","0","0","",""
"La Bodega del Pintor-Arte y vinos","Carlos Calvo 420","Ciudad Autonoma de Buenos Aires","CABA (Ciudad Autónoma de Buenos Aires)","Ciudad Autónoma de Buenos Aires","","","1102","1143625186","info@enologica.net","https://www.instagram.com/la_bodega_del_pintor/","","-34.61961000000000000000","-58.37180000000000000000","","","Fondo Desarrollar 2020","Artes Visuales","Galeria de arte","0","0","",""
"Laura Haber, Galería De Arte","O'Higgins 1361","Ciudad Autonoma de Buenos Aires","CABA (Ciudad Autónoma de Buenos Aires)","Ciudad Autónoma de Buenos Aires","","","1426","1147842426","galerialaurahaber@gmail.com","https://www.galerialaurahaber.com/","","-34.56674460000000000000","-58.44690950000000000000","","","Arte On line - Buenos Aires Data","Artes Visuales","Galeria de arte","0","0","",""
"Liliana Rodríguez, Galería De Arte","Billinghurst 750","Ciudad Autonoma de Buenos Aires","CABA (Ciudad Autónoma de Buenos Aires)","Ciudad Autónoma de Buenos Aires","","","1174","","galerialilianarodriguez@hotmail.com","https://www.facebook.com/galerialilianarodriguez/","","-34.60117260000000000000","-58.41521530000000000000","","","Arte On line - Buenos Aires Data","Artes Visuales","Galeria de arte","0","0","",""
"Loft Espacio Alfa","San Martín 492","Ciudad Autonoma de Buenos Aires","CABA (Ciudad Autónoma de Buenos Aires)","Ciudad Autónoma de Buenos Aires","","4°","1004","1143289670","info@loftespacioalfa.com.ar","http://www.loftespacioalfa.com.ar/","","-34.60232470000000000000","-58.37389820000000000000","","","AAGA - Buenos Aires Data","Artes Visuales","Galeria de arte","0","0","",""
"Los Coleccionistas","Libertad 978","Ciudad Autonoma de Buenos Aires","CABA (Ciudad Autónoma de Buenos Aires)","Ciudad Autónoma de Buenos Aires","","","1012","1148161752","info@loscoleccionistas.com","www.loscoleccionistas.com","","-34.59717920000000000000","-58.38450660000000000000","","","AAGA - Buenos Aires Data","Artes Visuales","Galeria de arte","0","0","",""
"María Calcaterra","José León Pagano 2649","Ciudad Autonoma de Buenos Aires","CABA (Ciudad Autónoma de Buenos Aires)","Ciudad Autónoma de Buenos Aires","","","1425","1148011399","info@mcmcgaleria.com","http://www.mariacalcaterra.com","","-34.58378440000000000000","-58.39947840000000000000","","","Buenos Aires Data - Relevamiento SInCA 2022","Artes Visuales","Galeria de arte","0","0","",""
"MAMAN Fine Art Gallery","Av. del Libertador 2475","Ciudad Autonoma de Buenos Aires","CABA (Ciudad Autónoma de Buenos Aires)","Ciudad Autónoma de Buenos Aires","","","1425","11 48043700","galeria@mamanfineart.com.ar","https://mamanfineart.com.ar/","","-34.57873780000000000000","-58.40581040000000000000","","","Relevamiento SInCA","Artes Visuales","Galeria de arte","0","0","",""
"Microtaller Hogareño","Balboa 416","Ciudad Autonoma de Buenos Aires","CABA (Ciudad Autónoma de Buenos Aires)","Ciudad Autónoma de Buenos Aires","","","1414","","","","","-34.59149880000000000000","-58.46709730000000000000","","","Buenos Aires Data","Artes Visuales","Galeria de arte","0","0","",""
"Miranda Bosch Gallery","Montevideo 1723","Ciudad Autonoma de Buenos Aires","CABA (Ciudad Autónoma de Buenos Aires)","Ciudad Autónoma de Buenos Aires","","","1021","1148153515","arte@mirandabosch.com","https://art.mirandabosch.com/","","-34.59047750000000000000","-58.38664410000000000000","","","Buenos Aires Data","Artes Visuales","Galeria de arte","0","0","",""
"Mite Galería","Av. Santa Fe 2729","Ciudad Autonoma de Buenos Aires","CABA (Ciudad Autónoma de Buenos Aires)","Ciudad Autónoma de Buenos Aires","","1°","1425","1148229433","info@mitegaleria.com.ar","http://www.mitegaleria.com.ar","","-34.59307100000000000000","-58.40532400000000000000","","","Mercado de Arte - Buenos Aires Data - Relevamiento SInCa","Artes Visuales","Galeria de arte","0","0","",""
"Mitra Arte","Av. Santa Fe 1660","Ciudad Autonoma de Buenos Aires","CABA (Ciudad Autónoma de Buenos Aires)","Ciudad Autónoma de Buenos Aires","","L.70","1060","111540824862","mitracontemporaneo@gmail.com","Facebook: Mitra Arte Argentino Contemporaneo","","-34.59579780000000000000","-58.39115010000000000000","","","Arte On line","Artes Visuales","Galeria de arte","0","0","",""
"MM Gallery (ex Studio 488)","Rocamora 4550","Ciudad Autonoma de Buenos Aires","CABA (Ciudad Autónoma de Buenos Aires)","Ciudad Autónoma de Buenos Aires","","2° B","1184","111550127560","info@mmgallery.de","https://gallery.com.ar/mm-gallery/","","-34.59905560000000000000","-58.42857090000000000000","","","Buenos Aires Data - Relevamiento SInCA 2022","Artes Visuales","Galeria de arte","0","0","",""
"Mock Galería","Suipacha 1217","Ciudad Autonoma de Buenos Aires","CABA (Ciudad Autónoma de Buenos Aires)","Ciudad Autónoma de Buenos Aires","","P.B.","1011","1143289887","","","","-34.59382550000000000000","-58.38005280000000000000","","","Arte On line","Artes Visuales","Galeria de arte","0","0","",""
"Moria Galería","Thames 608","Ciudad Autonoma de Buenos Aires","CABA (Ciudad Autónoma de Buenos Aires)","Ciudad Autónoma de Buenos Aires","","","1414","","holamoria@gmail.com","https://www.facebook.com/moriagaleria/","","-34.59399280000000000000","-58.44168240000000000000","","","Buenos Aires Data","Artes Visuales","Galeria de arte","0","0","",""
"Mosto & Rojas","Paraguay 934","Ciudad Autonoma de Buenos Aires","CABA (Ciudad Autónoma de Buenos Aires)","Ciudad Autónoma de Buenos Aires","","1°","1057","1143281675","info@mostorojasarte.com","","","-34.59775040000000000000","-58.38031100000000000000","","","Buenos Aires Data - Relevamiento SINCA","Artes Visuales","Galeria de arte","0","0","",""
"Munar Arte","Av. Pedro de Mendoza 1555","Ciudad Autonoma de Buenos Aires","CABA (Ciudad Autónoma de Buenos Aires)","Ciudad Autónoma de Buenos Aires","","","1156","","info@artemunar.com.ar","https://www.facebook.com/artemunar/","","-34.63745080000000000000","-58.35661730000000000000","","","Buenos Aires Data - Relevamiento SINCA","Artes Visuales","Galeria de arte","0","0","",""
"Mundo Nuevo Gallery Art","Callao Av.  1870","Ciudad Autonoma de Buenos Aires","CABA (Ciudad Autónoma de Buenos Aires)","Ciudad Autónoma de Buenos Aires","","P.B.","1024","1148047321","arte@fundacionmundonuevo.org.ar","https://www.facebook.com/mundonuevogalleryart/","","-34.58858090000000000000","-58.38838900000000000000","","","Arte On line","Artes Visuales","Galeria de arte","0","0","",""
"Nazli Kalayci Art Dealer","Las Heras 2049","Ciudad Autonoma de Buenos Aires","CABA (Ciudad Autónoma de Buenos Aires)","Ciudad Autónoma de Buenos Aires","","4°","1127","1148032070","info@nkartdealer.com.ar","https://www.instagram.com/nazlik.artdealer/","","-34.58967310000000000000","-58.39442770000000000000","","","Arte On line - Buenos Aires Data","Artes Visuales","Galeria de arte","0","0","",""
"Norma Duek Art Gallery","Av. Del Libertador 2237","Ciudad Autonoma de Buenos Aires","CABA (Ciudad Autónoma de Buenos Aires)","Ciudad Autónoma de Buenos Aires","","","1425","111534474010","norma@duek.com","http://www.normaduek.com/","","-34.58080150000000000000","-58.40426800000000000000","","","AAGA - Buenos Aires Data","Artes Visuales","Galeria de arte","0","0","",""
"Oda Oficinas de Arte","Paraná 759","Ciudad Autonoma de Buenos Aires","CABA (Ciudad Autónoma de Buenos Aires)","Ciudad Autónoma de Buenos Aires","","","1017","1143714738","info@odaarte.com","https://www.facebook.com/odaarte/","","-34.59991590000000000000","-58.38808380000000000000","","","Buenos Aires Data","Artes Visuales","Galeria de arte","0","0","",""
"Ofelia Casa Teatro","Honduras 4761","Ciudad Autonoma de Buenos Aires","CABA (Ciudad Autónoma de Buenos Aires)","Ciudad Autónoma de Buenos Aires","","","1414","1148314037","","","","-34.59033870000000000000","-58.42769880000000000000","","","Buenos Aires Data","Artes Visuales","Galeria de arte","0","0","",""
"Original Múltiple Arte Grabado","Venezuela 468","Ciudad Autonoma de Buenos Aires","CABA (Ciudad Autónoma de Buenos Aires)","Ciudad Autónoma de Buenos Aires","","","1095","1143422014","","https://www.facebook.com/originalmultiple","","-34.61371640000000000000","-58.37269560000000000000","","","Relevamiento SInCA 2016","Artes Visuales","Galeria de arte","0","0","",""
"Otero","Scalabrini Ortiz 1693","Ciudad Autonoma de Buenos Aires","CABA (Ciudad Autónoma de Buenos Aires)","Ciudad Autónoma de Buenos Aires","","","1414","","","","","-34.59040660000000000000","-58.42393710000000000000","","","Buenos Aires Data","Artes Visuales","Galeria de arte","0","0","",""
"Otto Galería","Paraná 1158","Ciudad Autonoma de Buenos Aires","CABA (Ciudad Autónoma de Buenos Aires)","Ciudad Autónoma de Buenos Aires","","","1018","","otto@ottogaleria.com","https://www.facebook.com/ottogaleria/","","-34.59519050000000000000","-58.38854370000000000000","","","Buenos Aires Data","Artes Visuales","Galeria de arte","0","0","",""
"Pabellón 4 Arte Contemporáneo","Juan Ramírez de Velasco 556","Ciudad Autonoma de Buenos Aires","CABA (Ciudad Autónoma de Buenos Aires)","Ciudad Autónoma de Buenos Aires","","","1414","1148562118","galeria@pabellon4.com","https://www.facebook.com/Pabellon4ArteContemporaneo","","-34.59801000000000000000","-58.43727000000000000000","","","Buenos Aires Data -Fondo Desarrollar 2020 - Relevamiento SINCA 2022","Artes Visuales","Galeria de arte","0","0","",""
"Pac Quintana Productora Cultural","Acoyte 743","Ciudad Autonoma de Buenos Aires","CABA (Ciudad Autónoma de Buenos Aires)","Ciudad Autónoma de Buenos Aires","","Piso 10 A","1414","1158823810","info@quintanapac.com.ar","www.quintanapac.com.ar","","-34.60975050000000000000","-58.43951910000000000000","","","MAPA- Feria de Arte","Artes Visuales","Galeria de arte","0","0","",""
"Palermo H","Tucumán 712","Ciudad Autonoma de Buenos Aires","CABA (Ciudad Autónoma de Buenos Aires)","Ciudad Autónoma de Buenos Aires","","","1049","","galeriadeartepalermoh@sion.com","https://www.facebook.com/galeriadeartepalermoh/","","-34.58149450000000000000","-58.43961470000000000000","","","Buenos Aires Data","Artes Visuales","Galeria de arte","0","0","",""
"Pasaje 17, Arte Contemporáneo","Bartolomé Mitre 1559","Ciudad Autonoma de Buenos Aires","CABA (Ciudad Autónoma de Buenos Aires)","Ciudad Autónoma de Buenos Aires","","","1037","1143711651","espaciodearte@ospoce.com.ar","https://www.facebook.com/galeria.pasaje/","","-34.60771120000000000000","-58.38791190000000000000","","","Arte On line","Artes Visuales","Galeria de arte","0","0","",""
"Pasto","Av. Paseo Colón 1490","Ciudad Autonoma de Buenos Aires","CABA (Ciudad Autónoma de Buenos Aires)","Ciudad Autónoma de Buenos Aires","","","1063","1148043060","hola@pastogaleria.com.ar","www.pastogaleria.com.ar/","","-34.62487570000000000000","-58.36758910000000000000","","","Buenos Aires Data - Relevamiento SINCA","Artes Visuales","Galeria de arte","0","0","",""
"Patio Thames Bazar De Arte","Thames 1678","Ciudad Autonoma de Buenos Aires","CABA (Ciudad Autónoma de Buenos Aires)","Ciudad Autónoma de Buenos Aires","","","1414","1148328070","contacto@patiothames.com.ar","https://www.facebook.com/patiothames","","-34.58754590000000000000","-58.43038050000000000000","","","Arte On line - Buenos Aires Data","Artes Visuales","Galeria de arte","0","0","",""
"Peras De Olmo Ars Continua","Niceto Vega 4678","Ciudad Autonoma de Buenos Aires","CABA (Ciudad Autónoma de Buenos Aires)","Ciudad Autónoma de Buenos Aires","","","1414","1132516090","","https://www.facebook.com/perasdeolmoAC","","-34.59323610000000000000","-58.43006750000000000000","","","Arte On line","Artes Visuales","Galeria de arte","0","0","",""
"Piedras","Av. Rivadavia 2625","Ciudad Autonoma de Buenos Aires","CABA (Ciudad Autónoma de Buenos Aires)","Ciudad Autónoma de Buenos Aires","","4°","1034","1120659844","info@piedrasgaleria.com","www.espaciopiedras.com","","-34.60998060000000000000","-58.40368020000000000000","","","Buenos Aires Data - Relevamiento SINCA","Artes Visuales","Galeria de arte","0","0","",""
"Popa Galería De Arte Contemporáneo","Gregorio Aráoz de Lamadrid 882","Ciudad Autonoma de Buenos Aires","CABA (Ciudad Autónoma de Buenos Aires)","Ciudad Autónoma de Buenos Aires","","","1166","1143027244","popa.arte@gmail.com","https://www.facebook.com/popa.espaciodearte/","","-34.63946830000000000000","-58.36483760000000000000","","","Buenos Aires Data","Artes Visuales","Galeria de arte","0","0","",""
"Praxis Arte Internacional","Arenales 1311","Ciudad Autonoma de Buenos Aires","CABA (Ciudad Autónoma de Buenos Aires)","Ciudad Autónoma de Buenos Aires","","","1061","1148138639","praxis7@praxis-art.com","http://www.praxis-art.com/","","-34.59456950000000000000","-58.38610660000000000000","","","Buenos Aires Data - Relevamiento SInCA 2022","Artes Visuales","Galeria de arte","0","0","",""
"QUADRO","Caffarena 199","Ciudad Autonoma de Buenos Aires","CABA (Ciudad Autónoma de Buenos Aires)","Ciudad Autónoma de Buenos Aires","","","1157","1135064630","infoquadrogaleria@gmail.com","https://www.facebook.com/QUADROGALERIA/","","-34.63082270000000000000","-58.35800540000000000000","","","Buenos Aires Data","Artes Visuales","Galeria de arte","0","0","",""
"Quema La Nave","Venezuela 468","Ciudad Autonoma de Buenos Aires","CABA (Ciudad Autónoma de Buenos Aires)","Ciudad Autónoma de Buenos Aires","","","1095","11","info@quemalanave.com.ar","https://www.facebook.com/quema.la.nave/","","-34.61377000000000000000","-58.37268000000000000000","","","Fondo Desarrollar 2021","Artes Visuales","Galeria de arte","0","0","",""
"Quimera Galería","Guemes 4474","Ciudad Autonoma de Buenos Aires","CABA (Ciudad Autónoma de Buenos Aires)","Ciudad Autónoma de Buenos Aires","","","1425","1147728553","info@quimeragaleria.com","www.quimeragaleria.com","","-34.58213370000000000000","-58.42279850000000000000","","","Mercado de Arte - Buenos Aires Data - Relevamiento SInCa 2022","Artes Visuales","Galeria de arte","0","0","",""
"Revolver Galería","José León Pagano 2750","Ciudad Autonoma de Buenos Aires","CABA (Ciudad Autónoma de Buenos Aires)","Ciudad Autónoma de Buenos Aires","","","1425","","contacto@revolvergaleria.com","www.revolvergaleria.com","","-34.58342370000000000000","-58.40026720000000000000","","","Buenos Aires Data","Artes Visuales","Galeria de arte","0","0","",""
"Rg En El Arte","Av. Congreso 1865","Ciudad Autonoma de Buenos Aires","CABA (Ciudad Autónoma de Buenos Aires)","Ciudad Autónoma de Buenos Aires","","5°","1428","1147885817","rgenelarte@yahoo.com.ar","Facebook: RG en el Arte","","-34.55260720000000000000","-58.45701680000000000000","","","AAGA - Buenos Aires Data","Artes Visuales","Galeria de arte","0","0","",""
"Roldán Moderno","Juncal 743","Ciudad Autonoma de Buenos Aires","CABA (Ciudad Autónoma de Buenos Aires)","Ciudad Autónoma de Buenos Aires","","","1062","1143940830","galeria@roldan.cc","https://moderno.roldan.cc/","","-34.59282520000000000000","-58.37795160000000000000","","","Buenos Aires Data - Relevamiento SINCA 2022","Artes Visuales","Galeria de arte","0","0","",""
"Rolf Art","Esmeralda 1353","Ciudad Autonoma de Buenos Aires","CABA (Ciudad Autónoma de Buenos Aires)","Ciudad Autónoma de Buenos Aires","","P.B.","1007","1148044318","info@rolfart.com.ar","www.rolfart.com.ar","","-34.59196850000000000000","-58.37839300000000000000","","","Mercado de Arte - Buenos Aires Data - Relevamiento SInCa","Artes Visuales","Galeria de arte","0","0","",""
"Ruth Benzacar","J. R. de Velasco 1287","Ciudad Autonoma de Buenos Aires","CABA (Ciudad Autónoma de Buenos Aires)","Ciudad Autónoma de Buenos Aires","","","1414","1143138480","consultas@ruthbenzacar.com","http://www.ruthbenzacar.com/","","-34.59136900000000000000","-58.44328120000000000000","","","Arte On line - Buenos Aires Data - Relevamiento SINCA 2022","Artes Visuales","Galeria de arte","0","0","",""
"SAAP Sociedad Argentina de Artistas Plásticos","Viamonte 458","Ciudad Autonoma de Buenos Aires","CABA (Ciudad Autónoma de Buenos Aires)","Ciudad Autónoma de Buenos Aires","","","1053","","infosaap2@gmail.com","http://www.saap.com.ar/","","-34.59976620000000000000","-58.37343850000000000000","","","Buenos Aires Data","Artes Visuales","Galeria de arte","0","0","",""
"Sara García Uriburu","Uruguay 1223","Ciudad Autonoma de Buenos Aires","CABA (Ciudad Autónoma de Buenos Aires)","Ciudad Autónoma de Buenos Aires","","P.B.","1016","1148130148","","","","-34.59408840000000000000","-58.38738910000000000000","","","Buenos Aires Data","Artes Visuales","Galeria de arte","0","0","",""
"Selvanegra Galería","Gurruchaga 301","Ciudad Autonoma de Buenos Aires","CABA (Ciudad Autónoma de Buenos Aires)","Ciudad Autónoma de Buenos Aires","","","1414","","galeriaselvanegra@gmail.com","https://www.facebook.com/selvanegragaleria.ar/","","-34.59885640000000000000","-58.44356560000000000000","","","Buenos Aires Data","Artes Visuales","Galeria de arte","0","0","",""
"Slyzmud","Bonpland 721","Ciudad Autonoma de Buenos Aires","CABA (Ciudad Autónoma de Buenos Aires)","Ciudad Autónoma de Buenos Aires","","","1414","1148570334","larisa@slyzmud.com","","","-34.59066200000000000000","-58.44623600000000000000","","","Relevamiento SInCA 2016","Artes Visuales","Galeria de arte","0","0","",""
"Smart Gallery BA","Av. Alvear 1580","Ciudad Autonoma de Buenos Aires","CABA (Ciudad Autónoma de Buenos Aires)","Ciudad Autónoma de Buenos Aires","","","1014","111562732429","arte@smartgalleryba.com","https://www.facebook.com/smartgalleryba","","-34.59001580000000000000","-58.38567980000000000000","","","Buenos Aires Data","Artes Visuales","Galeria de arte","0","0","",""
"Soler Espacio de Arte","Soler 5072","Ciudad Autonoma de Buenos Aires","CABA (Ciudad Autónoma de Buenos Aires)","Ciudad Autónoma de Buenos Aires","","","1425","1147710282","danielsolerart@gmail.com","https://www.facebook.com/solerespaciodearte/","","-34.58428510000000000000","-58.42837320000000000000","","","Buenos Aires Data","Artes Visuales","Galeria de arte","0","0","",""
"Sophie Espacio De Arte","Uriarte 2142","Ciudad Autonoma de Buenos Aires","CABA (Ciudad Autónoma de Buenos Aires)","Ciudad Autónoma de Buenos Aires","","","1425","111540438774","cvera8962@gmail.com","https://www.facebook.com/espaciodeartesophie/","","-34.58379330000000000000","-58.42667870000000000000","","","AAGA - Buenos Aires Data","Artes Visuales","Galeria de arte","0","0","",""
"Sputnik","Dr. Enrique Finocchietto 545","Ciudad Autonoma de Buenos Aires","CABA (Ciudad Autónoma de Buenos Aires)","Ciudad Autónoma de Buenos Aires","","","1143","1143078914","sputnikgaleria@gmail.com","https://www.facebook.com/sputnik.galeria/","","-34.62798780000000000000","-58.37293970000000000000","","","Relevamiento SInCA 2016","Artes Visuales","Galeria de arte","0","0","",""
"Suipacha Galería","Suipacha 1248","Ciudad Autonoma de Buenos Aires","CABA (Ciudad Autónoma de Buenos Aires)","Ciudad Autónoma de Buenos Aires","","","1011","1143221566","egruskin@suipachagaleria.com.ar","http:/www.suipachagaleria.com.ar","","-34.59341510000000000000","-58.38016140000000000000","","","Buenos Aires Data","Artes Visuales","Galeria de arte","0","0","",""
"Tienda Quorum","Defensa 894","Ciudad Autonoma de Buenos Aires","CABA (Ciudad Autónoma de Buenos Aires)","Ciudad Autónoma de Buenos Aires","","","1066","","hola@tiendaquorum.com","https://www.tiendaquorum.com/","","-34.61836140000000000000","-58.37157500000000000000","","","Buenos Aires Data","Artes Visuales","Galeria de arte","0","0","",""
"Transarte Emergencias Culturales","Defensa 1326","Ciudad Autonoma de Buenos Aires","CABA (Ciudad Autónoma de Buenos Aires)","Ciudad Autónoma de Buenos Aires","","","1143","","","","","-34.62339510000000000000","-58.37121430000000000000","","","Buenos Aires Data","Artes Visuales","Galeria de arte","0","0","",""
"Untitled Contemporary Art","Quintana y Ortíz","Ciudad Autonoma de Buenos Aires","CABA (Ciudad Autónoma de Buenos Aires)","Ciudad Autónoma de Buenos Aires","","","1129","111550367360","untitledarthouse@gmail.com","Facebook: Untitled Contemporary Art","","-34.59996200000000000000","-58.43868850000000000000","","","Arte On line - Buenos Aires Data","Artes Visuales","Galeria de arte","0","0","",""
"Ursomarzo Galería De Arte","Arenales 921","Ciudad Autonoma de Buenos Aires","CABA (Ciudad Autónoma de Buenos Aires)","Ciudad Autónoma de Buenos Aires","","","1061","1143930871","info@galeriaursomarzo.com.ar","Facebook: galeria Urso","","-34.59404130000000000000","-58.38029640000000000000","","","Arte On line","Artes Visuales","Galeria de arte","0","0","",""
"Uv Estudios","Humboldt 401","Ciudad Autonoma de Buenos Aires","CABA (Ciudad Autónoma de Buenos Aires)","Ciudad Autónoma de Buenos Aires","","","1414","11153331745","info@uvestudios.com","https://www.facebook.com/uvestudios/","","-34.59499390000000000000","-58.44808360000000000000","","","Buenos Aires Data","Artes Visuales","Galeria de arte","0","0","",""
"Van Riel","Juncal 790","Ciudad Autonoma de Buenos Aires","CABA (Ciudad Autónoma de Buenos Aires)","Ciudad Autónoma de Buenos Aires","","P.B.","1062","1143135553","info@galeriavanriel.com.ar","http://www.galeriavanriel.com.ar/","","-34.59281740000000000000","-58.37841040000000000000","","","AAGA - Buenos Aires Data","Artes Visuales","Galeria de arte","0","0","",""
"Walden Gallery","Viamonte 452","Ciudad Autonoma de Buenos Aires","CABA (Ciudad Autónoma de Buenos Aires)","Ciudad Autónoma de Buenos Aires","","","1053","1139725524","info@waldengallery.com","http://www.waldengallery.com","","-34.59957590000000000000","-58.37334550000000000000","","","Buenos Aires Data - Relevamiento SINCA","Artes Visuales","Galeria de arte","0","0","",""
"Witcomb Galería De Arte","Rodríguez Peña 1050","Ciudad Autonoma de Buenos Aires","CABA (Ciudad Autónoma de Buenos Aires)","Ciudad Autónoma de Buenos Aires","","","1020","1152919956","contacto@galeriaswitcomb.com.ar","http://www.galeriaswitcomb.com.ar/","","-34.59658220000000000000","-58.39212500000000000000","","","Arte On line - Buenos Aires Data - Relevamiento SINCA 2022","Artes Visuales","Galeria de arte","0","0","",""
"Zavaleta Lab","Defensa 269","Ciudad Autonoma de Buenos Aires","CABA (Ciudad Autónoma de Buenos Aires)","Ciudad Autónoma de Buenos Aires","","2°","1007","1145895314","info@zavaletalab.com","","","-34.61095160000000000000","-58.37223150000000000000","","","Buenos Aires Data","Artes Visuales","Galeria de arte","0","0","",""
"Zurbarán","Cerrito 1522","Ciudad Autonoma de Buenos Aires","CABA (Ciudad Autónoma de Buenos Aires)","Ciudad Autónoma de Buenos Aires","","","1010","1148151556","jzenteno@zurbaran.com.ar","https://www.facebook.com/ZurbaranArteArgentino","","-34.58975490000000000000","-58.38258700000000000000","","","Arte On line - Buenos Aires Data","Artes Visuales","Galeria de arte","0","0","",""
"Vía Margutta Arte Contemporáneo","Sucre 180","Cordoba","Capital (Córdoba)","Córdoba","","P.A.","5000","351155902214","info@viamargutta.com.ar","www.viamargutta.com.ar","","-31.41228810000000000000","-64.18843470000000000000","","","AAGA","Artes Visuales","Galeria de arte","0","0","",""
"Manifiesto Alegría","Roque Sáenz Peña 1509","Cordoba","Capital (Córdoba)","Córdoba","","4°","5000","3514724522","","https://www.instagram.com/manifiestoalegria/","","-31.39933450000000000000","-64.18161450000000000000","","","Mercado de Arte - relevamiento SInCa","Artes Visuales","Galeria de arte","0","0","",""
"Abre Galería de Arte","Independencia 828","Cordoba","Capital (Córdoba)","Córdoba","","P.B.","5000","","abre.galeriadearte@gmail.com","https://www.facebook.com/abre.galeriadearte","","-31.42550250000000000000","-64.18837680000000000000","","","Relevamiento SInCA","Artes Visuales","Galeria de arte","0","0","",""
"Nodo 940","9 de julio 40","Cordoba","Capital (Córdoba)","Córdoba","","","5000","354315534234","nodo940@gmail.com","https://www.facebook.com/nodo940arte","","-31.41469000000000000000","-64.18407100000000000000","","","SINCA","Artes Visuales","Galeria de arte","0","0","",""
"Espacio Colón","Av. Colón 76","Cordoba","Capital (Córdoba)","Córdoba","","7°","5000","351156519734","joselorenzo44@gmail.com","","","-31.41340860000000000000","-64.18394610000000000000","","","SINCA","Artes Visuales","Galeria de arte","0","0","",""
"The White Lodge","Av. Emilio Olmos 15","Cordoba","Capital (Córdoba)","Córdoba","","","5000","3515721307","hola@thewhitelodge.art","www.thewhitelodge.com.ar","","-31.41353870000000000000","-64.18271050000000000000","","","Mercado de Arte - relevamiento SInCa","Artes Visuales","Galeria de arte","0","0","",""
"220 Cultura Contemporánea","Av. Intendente Mestre Sur 1117","Cordoba","Capital (Córdoba)","Córdoba","","","5000","351153532427","info@220cultura.com","http://220cultura.com/","","-31.40574610000000000000","-64.19699670000000000000","","","SINCA","Artes Visuales","Galeria de arte","0","0","",""
"El Gran Vidrio","Humberto Primo 497","Cordoba","Capital (Córdoba)","Córdoba","","","5001","351156797231","info@elgranvidrio.com","https://www.facebook.com/fundacionelgranvidrio/","","-31.40836080000000000000","-64.18847400000000000000","","","Arte On line","Artes Visuales","Galeria de arte","0","0","",""
"Sala de Exposiciones Ernesto Farina (Univ. Prov. Cba)","Av. Pablo Ricchieri 1955","Cordoba","Capital (Córdoba)","Córdoba","","","5000","3514430362","salafarina.upc@gmail.com  irozze@upc.edu.ar","http://www.upc.edu.ar/sala-farina/","","-31.43541450000000000000","-64.17496540000000000000","","","SINCA","Artes Visuales","Galeria de arte","0","0","",""
"Marchiaro, Galería De Arte","Belgrano 609","Cordoba","Capital (Córdoba)","Córdoba","","","5000","3514215794","info@galeriamarchiaro.com.ar","https://www.facebook.com/galeriamarchiaro","","-31.42210680000000000000","-64.19105730000000000000","","","Arte On line","Artes Visuales","Galeria de arte","0","0","",""
"Tienda de Arte y Libros Mil Grullas","Belgrano 893","Cordoba","Capital (Córdoba)","Córdoba","","","5000","3514693604","milgrullaste@gmail.com","https://milgrullas.mitiendanube.com/","","-31.42530900000000000000","-64.19254050000000000000","","","SINCA","Artes Visuales","Galeria de arte","0","0","",""
"Espacio 130","Bv. Illia 130","Cordoba","Capital (Córdoba)","Córdoba","","","5000","3514245931","espacio130@gmail.com","https://www.facebook.com/Espacio130","","-31.42097970000000000000","-64.18446890000000000000","","","AAGA","Artes Visuales","Galeria de arte","0","0","",""
"Bitácora De Vuelo","Carola lorenzini 881","Cordoba","Capital (Córdoba)","Córdoba","","","5000","351156196654","contenidos@bitacoradevuelo.com.ar","www.bitacoradevuelo.com.ar","","-31.35460910000000000000","-64.18520640000000000000","","","Arte On line","Artes Visuales","Galeria de arte","0","0","",""
"Artecasa Galería De Arte","Entre Ríos 52","Cordoba","Capital (Córdoba)","Córdoba","","","5000","351156365960","artecasagaleriadearte@gmail.com","http://www.artecasagaleriadearte.com/","","-31.41843000000000000000","-64.18473000000000000000","","","Mercado de Arte - relevamiento SInCa","Artes Visuales","Galeria de arte","0","0","",""
"Bastón Del Moro","Chacabuco 483","Cordoba","Capital (Córdoba)","Córdoba","","","5000","3516226065","bastondelmoro@gmail.com.ar","https://www.facebook.com/bastondelmoro/","","-31.42307220000000000000","-64.18227270000000000000","","","Arte On line","Artes Visuales","Galeria de arte","0","0","",""
"Artis Galería","Roberto Barani 6075","Cordoba","Capital (Córdoba)","Córdoba","","","5000","3515556083","artisgaleria@gmail.com","https://www.facebook.com/artis.galeria/","","-31.34805240000000000000","-64.27227720000000000000","","","Mercado de Arte - relevamiento SInCa","Artes Visuales","Galeria de arte","0","0","",""
"Fragueiro 412","Fragueiro 412","Cordoba","Capital (Córdoba)","Córdoba","","","5000","3517667963","fragueiro412@gmail.com","https://www.facebook.com/fragueiro412/","","-31.40841580000000000000","-64.19172720000000000000","","","Arte On line","Artes Visuales","Galeria de arte","0","0","",""
"Tierra – Arte Contemporáneo","Fructuoso Rivera 725","Cordoba","Capital (Córdoba)","Córdoba","","8°","5000","351152274909","fferreyrarte@gmail.com","https://www.facebook.com/Tierraartecontemporaneo/","","-31.42354730000000000000","-64.19827640000000000000","","","Mercado de Arte - relevamiento SInCa","Artes Visuales","Galeria de arte","0","0","",""
"Piccadilly Galería de Arte","Miguel de Cervantes 422","Cordoba","Capital (Córdoba)","Córdoba","","","5000","351153302697","piccadillygaleriadearte@gmail.com cotychiappini@gmail.com emilianoariasmercader@gmail.com","https://www.facebook.com/piccadillygaleriadearte","","-31.38956040000000000000","-64.18008930000000000000","","","SINCA","Artes Visuales","Galeria de arte","0","0","",""
"La Cúpula Galería De Arte / Medialab","Humberto primo 14","Cordoba","Capital (Córdoba)","Córdoba","","2° Dpto 7","5000","3514230503","","https://www.facebook.com/lacupulagaleria/","","-31.41011730000000000000","-64.18182970000000000000","","","Relevamiento ciudades creativas","Artes Visuales","Galeria de arte","0","0","",""
"Sacha Mistol","José Rivera Indarte 237","Cordoba","Capital (Córdoba)","Córdoba","","","5000","3514242646","info@sachamistol.com","www.sachamistol.com","","-31.40267700000000000000","-64.17965200000000000000","","","Mercado de Arte - relevamiento SInCa","Artes Visuales","Galeria de arte","0","0","",""
"Múrua & Asociados Galería","José Roque Funes 2065","Cordoba","Capital (Córdoba)","Córdoba","","","5009","3514816166","chmurua.yasoc@gmail.com","https://www.facebook.com/murua.asociados/","","-31.36862890000000000000","-64.23388440000000000000","","","Arte On line","Artes Visuales","Galeria de arte","0","0","",""
"Ediciones Documenta Escénicas","Lima 364","Cordoba","Capital (Córdoba)","Córdoba","","","5000","3514290280","edicionesdocumenta@gmail.com","http://edicionesdocumenta.com.ar/","","-31.41400830000000000000","-64.17784580000000000000","","","Mercado de Arte - relevamiento SInCa","Artes Visuales","Galeria de arte","0","0","",""
"Pinball","Marcelo T. de Alvear 534","Cordoba","Capital (Córdoba)","Córdoba","","8°","5000","351152421893","","","","-31.42113620000000000000","-64.19107870000000000000","","","Mercado de Arte - relevamiento SInCa","Artes Visuales","Galeria de arte","0","0","",""
"Centro de Producción e Investigaciónn en Artes - CEPIA","Medina Allende SN U.N.C","Cordoba","Capital (Córdoba)","Córdoba","","","5000","3515353630","comunicacioncepia@artes.unc.edu.ar","https://www.facebook.com/cepia.artes.unc.edu.ar/","","-31.43517350000000000000","-64.19155860000000000000","","","SINCA","Artes Visuales","Galeria de arte","0","0","",""
"María Wonda Gallery","Maipú 251","Cordoba","Capital (Córdoba)","Córdoba","","","5009","351156521940","mariawondagallery@gmail.com","https://www.facebook.com/mariawondagallery/","","-31.41411880000000000000","-64.17914410000000000000","","","Arte On line","Artes Visuales","Galeria de arte","0","0","",""
"María Elena Kravetz Gallery","Peatonal 25 de mayo 240","Cordoba","Capital (Córdoba)","Córdoba","","","5000","3514239451","mariaelenakravetzgallery@gmail.com","http://www.mariaelenakravetzgallery.com/","","-31.41077810000000000000","-64.18183080000000000000","","","Arte On line","Artes Visuales","Galeria de arte","0","0","",""
"Sasha D, Espacio De Arte","Casaffousth 1566","Cordoba","Capital (Córdoba)","Córdoba","","","5000","351156450684","alejandrodavila@sashadavila.com","http://www.sashadavila.com/","","-31.39957460000000000000","-64.19883540000000000000","","","Arte On line","Artes Visuales","Galeria de arte","0","0","",""
"Casa taller","RamÌrez de Velazco 957","Cordoba","Capital (Córdoba)","Córdoba","","","5000","351157079652","casatallercordoba@gmail.com nicolas.artenico@gmail.com","http://casatallercordoba.blogspot.com.ar/","","-31.40463800000000000000","-64.19294200000000000000","","","SINCA","Artes Visuales","Galeria de arte","0","0","",""
"I Love Asado Arte Contemporáneo","","Cordoba","Capital (Córdoba)","Córdoba","","","5000","3516806410","","https://www.facebook.com/iloveasadoartecontemporaneo/","","-31.41381660000000000000","-64.18333840000000000000","","","Relevamiento ciudades creativas","Artes Visuales","Galeria de arte","0","0","",""
"Galería Cerrito","San Luis 145","Cordoba","Capital (Córdoba)","Córdoba","","L.6","5000","3515980381","info@galeriacerrito.com","https://www.facebook.com/galeriacerrito","","-31.42288990000000000000","-64.18906580000000000000","","","Arte On line","Artes Visuales","Galeria de arte","0","0","",""
"Centro Cultural María Castaña","Tucuman 260","Cordoba","Capital (Córdoba)","Córdoba","","","5000","3514235529","mcastana@onenet.com.ar","www.teatromariacastana.wordpress.com","","-31.41181540000000000000","-64.18675340000000000000","","","SINCA","Artes Visuales","Galeria de arte","0","0","",""
"Ankara Arte Contemporáneo","Guillermo Roggio (sur) 92","Colonia Caroya","Colon (Córdoba)","Córdoba","","","5223","3525462206","galeriaankara@gmail.com","www.arteankara.com.ar","","-31.02130470000000000000","-64.06295170000000000000","","","AAGA","Artes Visuales","Galeria de arte","0","0","",""
"Arte U Tienda De  Originales","Camino a Los Quebrachitos Km 5 1/2","Unquillo","Colon (Córdoba)","Córdoba","","","5109","3512641790","","","","-31.20603170000000000000","-64.35188950000000000000","","","Mercado de Arte - relevamiento SInCa","Artes Visuales","Galeria de arte","0","0","",""
"ARTE O NADA","Angela Diana y Camino a Quebrachitos","Unquillo","Colon (Córdoba)","Córdoba","","","5109","","celeste_quera@hotmail.com","https://www.facebook.com/arteonada","","-31.21257870000000000000","-64.34949700000000000000","","","SINCA","Artes Visuales","Galeria de arte","0","0","",""
"Esaa, Estudio De Soluciones Artístico-Arquitectónicas","Rosario 96","Unquillo","Colon (Córdoba)","Córdoba","","","5109","3516367983","esaa.unquillo@gmail.com","https://www.facebook.com/esaa.arte/","","-31.23703440000000000000","-64.31424020000000000000","","","Mercado de Arte - relevamiento SInCa","Artes Visuales","Galeria de arte","0","0","",""
"Júpiter","9 de Julio 346","La Cumbre","Punilla (Córdoba)","Córdoba","","","5178","3548451684","anasgilligan@gmail.com","http://galeriajupiter.blogspot.com.ar/","","-30.98229520000000000000","-64.48909890000000000000","","","Relevamiento SInCA 2022","Artes Visuales","Galeria de arte","0","0","",""
"Busmiren Tienda De Arte","Camino al observatorio KM 1","Falda del Carmen","Santa Maria (Córdoba)","Córdoba","","","5187","35115636570","info@busmiren.com.ar","www.busmiren.com.ar","","-31.58937190000000000000","-64.46507720000000000000","","","AAGA","Artes Visuales","Galeria de arte","0","0","",""
"Casa-Taller Artes Visuales","Alberdi 421","Concepcion del Uruguay","Uruguay (Entre Ríos)","Entre Ríos","","","3260","3442487255","","https://www.facebook.com/solhmarte/","","-32.48528000000000000000","-58.22716000000000000000","","","Fondo Desarrollar 2020","Artes Visuales","Galeria de arte","0","0","",""
"Vermú","Av. Pedro Luro 615","Santa Rosa","Capital (La Pampa)","La Pampa","","","6300","2954772544","vermugaleria@gmail.com","https://www.facebook.com/vermugaleria/","","-36.62343580000000000000","-64.28144110000000000000","","","Mercado de Arte - relevamiento SInCa","Artes Visuales","Galeria de arte","0","0","",""
"Espacio De Arte Gabriela Scordo","Paseo Alameda 1899","Mendoza","Capital (Mendoza)","Mendoza","","","5500","","","https://www.instagram.com/gabrielascordoarte","","-32.87816450000000000000","-68.85673250000000000000","","","Relevamiento SInCA 2016","Artes Visuales","Galeria de arte","0","0","",""
"Casa Palmera Galeria","Rufino Ortega 162","Mendoza","Capital (Mendoza)","Mendoza","","","5500","26175455693","casapalmeragaleria@gmail.com","https://www.facebook.com/casapalmeragaleria/","","-32.89184000000000000000","-68.85226000000000000000","","","Fondo Desarrollar 2020","Artes Visuales","Galeria de arte","0","0","",""
"Daniel Rueda, Galería De Arte","Montevideo 230","Mendoza","Capital (Mendoza)","Mendoza","","8°","5500","","galeriadanielrueda@gmail.com","https://www.facebook.com/danielruedagaleria/","","-32.89242480000000000000","-68.84291300000000000000","","","Arte On line","Artes Visuales","Galeria de arte","0","0","",""
"Mercado de Creadores","Bodega Malma Ruta Provincial n°7","Neuquen","Confluencia (Neuquén)","Neuquén","","","8306","","hola@mercadodecreadores.com","https://www.mercadodecreadores.com/","","-38.54874070000000000000","-68.41293370000000000000","","","Municipalidad de NeuquÌ©n - Red de Ciudades Creativas","Artes Visuales","Galeria de arte","0","0","",""
"Loca de Atar","Limay Mahuida 3016","Neuquen","Confluencia (Neuquén)","Neuquén","","","8300","2994484877","info@locasdeatar.com.ar","www.instagram.com/locadeatargaleria/","","-38.96077040000000000000","-68.01735780000000000000","","","Municipalidad de NeuquÌ©n - Red de Ciudades Creativas","Artes Visuales","Galeria de arte","0","0","",""
"Kiosco de Arte","Caseros 662","Salta","Capital (Salta)","Salta","","","4400","","","https://www.instagram.com/kiosko_de_arte/","","-24.78962770000000000000","-65.41176530000000000000","","","SINCA","Artes Visuales","Galeria de arte","0","0","",""
"Galeria El Palacio","Mitre 37","Salta","Capital (Salta)","Salta","","","4400","3874228008","marketing_elpalacio@yahoo.com","https://www.facebook.com/elpalaciogalerias/","","-24.90702730000000000000","-65.48819390000000000000","","","SINCA","Artes Visuales","Galeria de arte","0","0","",""
"Parral Galería","Rivadavia Oeste 141","San Juan","Capital (San Juan)","San Juan","","","5402","2646137733","hola@parralgaleria.com","","","-31.53675000000000000000","-68.52786000000000000000","","","Fondo Desarrollar 2020","Artes Visuales","Galeria de arte","0","0","",""
"Quilla Galería de Arte y Diseño","Independencia 1173","San Salvador de Jujuy","Dr. Manuel Belgrano (Jujuy)","Jujuy","","","4600","","quillagaleria@gmail.com","https://www.facebook.com/quillagaleriadearte/","","-24.18826200000000000000","-65.30892230000000000000","","","Fondo Desarrollar 2021","Artes Visuales","Galeria de arte","0","0","",""
"LAVA","Avellaneda 366","Rafaela","Castellanos (Santa Fe)","Santa Fe","","","2300","3492677342","espacio@lava.com.ar","https://www.facebook.com/espaciolava/","","-31.24483110000000000000","-61.49724250000000000000","","","Fondo Desarrollar 2021","Artes Visuales","Galeria de arte","0","0","",""
"AG Arte","Blvd. Gálvez 1514","Santa Fe","La Capital (Santa Fe)","Santa Fe","","","3000","34924564669","agartesantafe@gmail.com","https://www.facebook.com/AGartegaleria/","","-31.63803100000000000000","-60.69141100000000000000","","","Municipalidad de Santa Fe - Red de Ciudades Creativas","Artes Visuales","Galeria de arte","0","0","",""
"Delta Espacio","Necochea 3799","Santa Fe","La Capital (Santa Fe)","Santa Fe","","","3002","342155021834","hola@deltaespacio.com.ar","https://www.facebook.com/deltaespacio","","-31.63457240000000000000","-60.69372010000000000000","","","Fondo Desarrollar 2020","Artes Visuales","Galeria de arte","0","0","",""
"Zurbarán Santa Fe","Club de Campo El Paso-calle Los Robles","Santa Fe","La Capital (Santa Fe)","Santa Fe","","","3016","","","","","-31.63625720000000000000","-60.75885910000000000000","","","Municipalidad de Santa Fe - Red de Ciudades Creativas","Artes Visuales","Galeria de arte","0","0","",""
"MADE por amor al arte","Sarmiento 3060","Santa Fe","La Capital (Santa Fe)","Santa Fe","","","3000","3424561770","holamade@hotmail.com","https://www.facebook.com/MADE.3060/","","-31.64189100000000000000","-60.69459200000000000000","","","Municipalidad de Santa Fe - Red de Ciudades Creativas","Artes Visuales","Galeria de arte","0","0","",""
"Diego Obligado Galería De Arte","Güemes 2255","Rosario","Rosario (Santa Fe)","Santa Fe","","","2000","3414406585","info@diegoobligado.com","www.diegoobligado.com","","-32.93294800000000000000","-60.65146870000000000000","","","Mercado de Arte - relevamiento SInCa 2022","Artes Visuales","Galeria de arte","0","0","",""
"Crudo Arte Contemporáneo","Italia 1044","Rosario","Rosario (Santa Fe)","Santa Fe","","","2000","341153899915","contacto@crudocontemporaneo.com","https://crudocontemporaneo.com/es","","-32.94752140000000000000","-60.64877730000000000000","","","Fondo Desarrollar 2020","Artes Visuales","Galeria de arte","0","0","",""
"Nazareno O. Artes Antigüedades Coleccionables","Italia 917","Rosario","Rosario (Santa Fe)","Santa Fe","","","2000","3414496300","","","","-32.94611560000000000000","-60.64811870000000000000","","","Relevamiento SInCA 2016","Artes Visuales","Galeria de arte","0","0","",""
"Gabelich Contemporáneo","Corvalán 448","Rosario","Rosario (Santa Fe)","Santa Fe","","","2000","34115566753","gabelichcontemporaneo@gmail.com","https://www.facebook.com/GabelichContemporaneo","","-32.92368150000000000000","-60.66998290000000000000","","","Mercado de Arte - relevamiento SInCa","Artes Visuales","Galeria de arte","0","0","",""
"Mantera Galeria","Feria del predio Ferrocarril Mitre","La Banda","Banda (Santiago del Estero)","Santiago del Estero","","","4300","385154095378","","","","-27.73185300000000000000","-64.24131000000000000000","","","Fondo Desarrollar 2020","Artes Visuales","Galeria de arte","0","0","",""
"La Bohardilla, Cámara De Arte","Independencia y 9 de julio","Santiago del Estero","Capital (Santiago del Estero)","Santiago del Estero","","","4200","","camaradeartelabohardilla@gmail.com","https://www.facebook.com/camaradeartelabohardilla/","","-27.78860650000000000000","-64.25785730000000000000","","","AAGA","Artes Visuales","Galeria de arte","0","0","",""
"Cronos Galería de Arte y Diseño","Salta 57","Santiago del Estero","Capital (Santiago del Estero)","Santiago del Estero","","","4200","3856410583","cronosgaleria@gmail.com","https://www.facebook.com/cronosgaleriasde/","","-27.78580130000000000000","-64.26298840000000000000","","","Fondo Desarrollar 2020","Artes Visuales","Galeria de arte","0","0","",""
"El Perro Andaluz","Juan Felipe Ibarra 183","Choya","Choya (Santiago del Estero)","Santiago del Estero","","","4230","","","https://www.facebook.com/elperroandaluzfrias/","","-28.63908920000000000000","-65.13348120000000000000","","","Fondo Desarrollar 2021","Artes Visuales","Galeria de arte","0","0","",""
"El Galpón","25 De mayo 2099","San Miguel de Tucuman","Capital (Tucumán)","Tucumán","","","4000","","","Facebook: Galpón 20.99","","-26.80230230000000000000","-65.19798490000000000000","","","SINCA","Artes Visuales","Galeria de arte","0","0","",""
"Limbo arte impreso","Lavalle 1693","San Miguel de Tucuman","Capital (Tucumán)","Tucumán","","","4000","3814216335","limbomultiespacioalternativo@gmail.com","https://www.facebook.com/limboartetucuman/","","-26.83472240000000000000","-65.22507200000000000000","","","SINCA","Artes Visuales","Galeria de arte","0","0","",""
"Art & Deco","Entre Ríos 317","San Miguel de Tucuman","Capital (Tucumán)","Tucumán","","","4000","3814581416","","","","-26.83606970000000000000","-65.20144060000000000000","","","SINCA","Artes Visuales","Galeria de arte","0","0","",""
"Fundación para el Arte Contemporáneo","Provincia de Jujuy 337","San Miguel de Tucuman","Capital (Tucumán)","Tucumán","","","4000","3814314535","","https://www.instagram.com/factfundacion/","","-26.83420000000000000000","-65.21217000000000000000","","","Fondo Desarrollar 2020","Artes Visuales","Galeria de arte","0","0","",""
"El Pasaje","Pje. 1° de Noviembre 1312","San Miguel de Tucuman","Capital (Tucumán)","Tucumán","","","4000","381155304389","elpasajetucuman@gmail.com","https://www.facebook.com/lepasajetucuman/","","-26.81030550000000000000","-65.21331020000000000000","","","SINCA","Artes Visuales","Galeria de arte","0","0","",""
"El Taller","Santa Fe 240","San Miguel de Tucuman","Capital (Tucumán)","Tucumán","","","4000","3814301250","eltaller@eltallerarteyoficio.com.ar","https://www.facebook.com/ElTallerTuc/","","-26.82093220000000000000","-65.19842900000000000000","","","SINCA","Artes Visuales","Galeria de arte","0","0","",""
"Fulana Galería","Sarmiento 88","Tafi Viejo","Tafi Viejo (Tucumán)","Tucumán","","","4103","3815044293","fulanagaleria@gmail.com","https://www.fulanagaleria.com","","-26.73452000000000000000","-65.25603000000000000000","","","Fondo Desarrollar 2020","Artes Visuales","Galeria de arte","0","0","",""
